URL,Type
https://www.arbres.org,Association
https://www.aspas-nature.org/,Association
https://www.foretprimaire-francishalle.org,Association
https://sosforetfrance.org/,Association
http://www.vieillesforets.com/,Association
http://refora.online.fr/FRENE/Rapport_activites_FRENE_2009-2013.pdf,Association
https://www.foret-naturalite.be/,Association
https://www.agroforesterie.fr,Association
https://www.canopee-asso.org/,Association
https://www.coordination-libre-evolution.fr/,Association
https://www.foretsanciennes.fr/,Association
http://www.forest-art-project.fr/,Association
https://histoiresdeforets.com/,Association
https://www.alternativesforestieres.org/,Association
https://www.ofb.gouv.fr/,Institutions & Organismes publics
https://www.onf.fr/,Institutions & Organismes publics
https://www.cnrs.fr/fr,Institutions & Organismes publics
https://www.mnhn.fr/fr,Institutions & Organismes publics
https://fr.unesco.org/mab,Institutions & Organismes publics
https://www.foret-naturalite.be/dossiers/,Presse spécialisée
https://my.sendinblue.com/users/subscribe/js_id/3mr5e/id/1,Presse spécialisée
https://garance-voyageuse.org/,Presse spécialisée
https://www.snpn.com/lecourrierdelanature/,Presse spécialisée
https://fondationfrancoissommer.org/#,Presse spécialisée
https://www.salamandre.org/,Presse spécialisée
https://kaizen-magazine.com/,Presse spécialisée
https://www.socialter.fr/,Presse spécialisée
https://www.sans-transition-magazine.info/,Presse spécialisée
https://www.lezephyrmag.com/,Presse spécialisée
https://inpn.mnhn.fr/programme/trame-verte-et-bleue/carte-nationale,
https://inpn.mnhn.fr/programme/trame-verte-et-bleue/carte-nationale,Publications
https://lacorneille.kessel.media/posts?ref=2847ac21-4788-46c4-9e8b-95f1e4c7561f&landing=true,Presse spécialisée
https://www.mooc-biodiversite.com/,Presse spécialisée
https://infos.ademe.fr/magazine-mars-2023/dossier/?utm_campaign=Newsletter_ADEME_ACTUS_352&utm_source=Connect&utm_medium=email,Publications
https://engager-pour-la-nature.netlify.app,Association
https://fr.m.wikipedia.org/wiki/Indice_d%27int%C3%A9grit%C3%A9_du_paysage_forestier,Publications
https://aspas-reserves-vie-sauvage.org/havre-vie-sauvage/,Association
https://opensourcegardens.info/,
https://www.createurdeforet.fr,Institutions & Organismes publics
https://prosilva.fr/,Institutions & Organismes publics
https://semeursdeforets.org/,Association
https://www.goodreads.com/book/show/124033525-semeurs-de-for-ts?ac=1&from_search=true&qid=NBPFKLQ7qZ&rank=1,
https://www.goodreads.com/book/show/124033525-semeurs-de-for-ts?ac=1&from_search=true&qid=NBPFKLQ7qZ&rank=1,Livre
https://www.laforetbouge.fr/,Institutions & Organismes publics